iter	Accuracy	Logloss
0	0.96525	0.5998099942
1	0.96575	0.5176078676
2	0.96525	0.4569147811
3	0.96525	0.3875603378
4	0.965375	0.327906352
5	0.966375	0.2851560718
6	0.967	0.2548541714
7	0.967	0.2314879191
8	0.967125	0.2075593074
9	0.967375	0.1845655905
10	0.9675	0.1683371796
11	0.96775	0.1582013413
12	0.968125	0.145915977
13	0.968625	0.1381049364
14	0.96825	0.1325280854
15	0.968375	0.1230140148
16	0.968375	0.1176031335
17	0.969	0.1119230255
18	0.9695	0.1080020462
19	0.969625	0.103907902
20	0.970625	0.09865959762
21	0.971	0.09570989109
22	0.97175	0.09328450929
23	0.9725	0.09088362431
24	0.972625	0.08865697321
25	0.9725	0.08657166971
26	0.97375	0.08426117768
27	0.9735	0.08237733555
28	0.973125	0.08073182811
29	0.973125	0.07948945382
30	0.973	0.07819439008
31	0.973625	0.07724134862
32	0.974125	0.07620520108
33	0.9745	0.07501435678
34	0.97475	0.07369499153
35	0.974875	0.07277221829
36	0.975	0.07167554337
37	0.975125	0.07086936634
38	0.975125	0.06970779635
39	0.975125	0.06895154586
40	0.97525	0.06837663286
41	0.975375	0.06759729638
42	0.975375	0.06632379828
43	0.976	0.06562266869
44	0.97625	0.06515631301
45	0.976875	0.0640314341
46	0.97725	0.06295474231
47	0.97775	0.06235662734
48	0.97775	0.0620216868
49	0.97775	0.06137199249
50	0.97775	0.06075453992
51	0.977875	0.06037562133
52	0.978125	0.05964617629
53	0.978625	0.05902385683
54	0.978875	0.05831016465
55	0.97925	0.05794373403
56	0.979375	0.0575321488
57	0.9795	0.05730361164
58	0.979375	0.05709499599
59	0.980125	0.05648823942
60	0.980375	0.05620909279
61	0.980625	0.05585447437
62	0.980375	0.05556696482
63	0.980875	0.05521700353
64	0.981	0.05494772324
65	0.981	0.05468277105
66	0.981375	0.05396686882
67	0.9815	0.05373082339
68	0.98225	0.05312191909
69	0.982375	0.05260525466
70	0.9825	0.05224804136
71	0.982375	0.0519407107
72	0.9825	0.05177128441
73	0.982625	0.05151092041
74	0.982875	0.05112845981
75	0.983125	0.0509827783
76	0.98375	0.05047631461
77	0.984125	0.05016697923
78	0.984625	0.04972700135
79	0.984375	0.04961055383
80	0.984375	0.0494329931
81	0.984375	0.04931086647
82	0.98475	0.04864685125
83	0.98475	0.04852792577
84	0.985	0.04821251401
85	0.985125	0.04799679001
86	0.98525	0.04765473462
87	0.985625	0.04728002453
88	0.98575	0.04720362331
89	0.98625	0.04699843174
90	0.986125	0.04682304175
91	0.986125	0.04668778037
92	0.986125	0.0465696294
93	0.986125	0.04644729393
94	0.98625	0.04623752226
95	0.98625	0.04610427188
96	0.98625	0.04596577746
97	0.986375	0.04588349343
98	0.986375	0.04586818015
99	0.986375	0.0457380151
100	0.986375	0.04571529738
101	0.986375	0.04562001849
102	0.98625	0.04543724912
103	0.9865	0.04515001653
104	0.9865	0.04496430462
105	0.986625	0.04482020952
106	0.986625	0.0447152767
107	0.986875	0.04437095166
108	0.98675	0.04427390793
109	0.986875	0.04411058125
110	0.986875	0.04395045626
111	0.986875	0.04378070355
112	0.987125	0.0435350931
113	0.98725	0.04328427081
114	0.98775	0.04313363425
115	0.98775	0.04293700376
116	0.98775	0.04286443939
117	0.98775	0.04274392248
118	0.98775	0.04265409642
119	0.987875	0.0423395855
120	0.987875	0.04229546917
121	0.987875	0.04212612014
122	0.987875	0.04207867782
123	0.987875	0.04202491851
124	0.987875	0.04197408416
125	0.988125	0.04169316171
126	0.98825	0.04147327785
127	0.98825	0.04141750984
128	0.988375	0.04121256809
129	0.988375	0.04108346245
130	0.988625	0.04096403809
131	0.9885	0.04092623027
132	0.9885	0.04089057562
133	0.9885	0.04078355233
134	0.988625	0.04060414203
135	0.9885	0.04046990236
136	0.988625	0.04034033865
137	0.988625	0.04032905153
138	0.98875	0.04002004669
139	0.98875	0.03987469472
140	0.98875	0.03972848226
141	0.98875	0.03965023189
142	0.98875	0.03956816704
143	0.988875	0.03948110304
144	0.989	0.03939391917
145	0.989	0.03934593167
146	0.989	0.03924461172
147	0.989	0.0392132064
148	0.989125	0.03913906049
149	0.989375	0.03905322327
150	0.989375	0.0390137178
151	0.989375	0.03895223676
152	0.9895	0.03885538454
153	0.9895	0.03879756004
154	0.98975	0.03864536036
155	0.989875	0.03857476428
156	0.99	0.03837755323
157	0.99	0.03820739809
158	0.989875	0.03809161064
159	0.98975	0.0379877032
160	0.989875	0.03791517007
161	0.99	0.03784109557
162	0.99025	0.03778786053
163	0.99025	0.03770888354
164	0.990125	0.03750345136
165	0.99025	0.03737184776
166	0.99025	0.03733304654
167	0.99025	0.03725755554
168	0.990375	0.03713448886
169	0.990375	0.03710805452
170	0.9905	0.03706403664
171	0.9905	0.03698558374
172	0.9905	0.0369324028
173	0.990625	0.03690805556
174	0.9905	0.03683690494
175	0.9905	0.03652270181
176	0.990625	0.03630061536
177	0.99075	0.03620720389
178	0.99075	0.03609040714
179	0.990875	0.03602356235
180	0.99075	0.03597415325
181	0.990875	0.0358449969
182	0.990875	0.03574679262
183	0.991125	0.03565363759
184	0.9915	0.03556354141
185	0.991375	0.03551711843
186	0.991375	0.03539001586
187	0.991375	0.0353405864
188	0.9915	0.03526531825
189	0.99125	0.03509942146
190	0.99125	0.03495120408
191	0.99125	0.03488908031
192	0.9915	0.03482590352
193	0.991625	0.03473411652
194	0.991625	0.0346979684
195	0.99175	0.03460950318
196	0.99175	0.03454531996
197	0.99175	0.0344834314
198	0.99175	0.03444472932
199	0.991875	0.03435845647
200	0.991875	0.03426187523
201	0.991875	0.03425363738
202	0.992	0.03420976294
203	0.992	0.03414373716
204	0.991875	0.03404920161
205	0.992	0.03397588221
206	0.992	0.03387000153
207	0.991875	0.03381980733
208	0.991875	0.03374253488
209	0.992	0.03363468277
210	0.992125	0.03357158513
211	0.992125	0.03356767045
212	0.992125	0.0335453194
213	0.992125	0.03349821558
214	0.99225	0.03331438938
215	0.99225	0.03325563503
216	0.99225	0.03309345144
217	0.99225	0.03303694134
218	0.99225	0.0328576484
219	0.99225	0.03280702832
220	0.99225	0.03278384026
221	0.992375	0.03272117357
222	0.992375	0.03263156632
223	0.9925	0.03255346364
224	0.9925	0.03246741561
225	0.99275	0.03232938234
226	0.99275	0.03219638635
227	0.99275	0.03218014177
228	0.99275	0.0321432705
229	0.99275	0.03212466197
230	0.9925	0.03207241534
231	0.992625	0.03203642275
232	0.992625	0.03198851153
233	0.992875	0.03190788975
234	0.992875	0.03186388684
235	0.993	0.03179126397
236	0.993	0.03171319161
237	0.993	0.03170689414
238	0.993	0.03165511485
239	0.993	0.03157554208
240	0.993	0.03151844214
241	0.993	0.03145393694
242	0.993	0.03138498469
243	0.993	0.03136494153
244	0.993	0.03134543587
245	0.993	0.03129665428
246	0.993125	0.03125553801
247	0.993125	0.03121716887
248	0.993125	0.03117912607
249	0.993125	0.03114280825
250	0.993125	0.03111285106
251	0.993125	0.03107744085
252	0.993125	0.0310480059
253	0.993125	0.03092437085
254	0.993125	0.03088546804
255	0.993125	0.03086912392
256	0.993125	0.03082138292
257	0.993125	0.03080237327
258	0.993125	0.03071259369
259	0.993125	0.03071001852
260	0.993125	0.03067163365
261	0.993125	0.03045186662
262	0.993	0.03038695238
263	0.993	0.03035097095
264	0.993	0.03028727022
265	0.993	0.03027163953
266	0.993	0.03025686094
267	0.993	0.03023215687
268	0.993	0.0301998063
269	0.992875	0.03016155338
270	0.993	0.03013827653
271	0.993	0.03011640705
272	0.993	0.03004995553
273	0.993	0.03003568295
274	0.993	0.02997832566
275	0.993	0.02996502639
276	0.992875	0.02992243848
277	0.992875	0.02987368305
278	0.992875	0.02975474323
279	0.992875	0.02974287418
280	0.992875	0.02968463255
281	0.993	0.0294946136
282	0.993	0.02949255307
283	0.993125	0.02940765057
284	0.993	0.02934106869
285	0.993125	0.0292116454
286	0.99325	0.02913346597
287	0.993	0.02907570229
288	0.993125	0.02903139695
289	0.99325	0.02899136822
290	0.9935	0.02882366765
291	0.9935	0.02873102416
292	0.993625	0.02864509636
293	0.993625	0.02858279479
294	0.993625	0.02850319348
295	0.9935	0.02843876714
296	0.9935	0.02838377564
297	0.9935	0.02831062762
298	0.993625	0.02825534369
299	0.993625	0.02819508975
300	0.993625	0.02810687356
301	0.993625	0.02806196145
302	0.993625	0.02800317097
303	0.993625	0.02792150169
304	0.99375	0.02787042001
305	0.99375	0.02784351885
306	0.993625	0.02773750166
307	0.99375	0.02768611857
308	0.99375	0.02768425687
309	0.993875	0.02763031222
310	0.993875	0.02757597188
311	0.993875	0.02751882655
312	0.993875	0.02749373197
313	0.994	0.02729067597
314	0.994	0.02726181283
315	0.994	0.02717712485
316	0.994125	0.0271083033
317	0.994125	0.02710654235
318	0.994125	0.02710482709
319	0.994125	0.02705004717
320	0.994125	0.0269720386
321	0.994125	0.02689610466
322	0.994125	0.02681954987
323	0.994125	0.02666185673
324	0.994125	0.02663787457
325	0.994125	0.02661096163
326	0.994125	0.02654940983
327	0.994125	0.0265199138
328	0.994125	0.02638720694
329	0.994125	0.02632318688
330	0.994125	0.02631141132
331	0.994125	0.02626827534
332	0.994125	0.02621973822
333	0.994125	0.02613625178
334	0.994125	0.02611537132
335	0.994125	0.02605568618
336	0.994125	0.02604431661
337	0.994125	0.02597519449
338	0.994375	0.02595062652
339	0.994375	0.02592759583
340	0.994375	0.02589218283
341	0.994375	0.02584543356
342	0.9945	0.02578159606
343	0.99475	0.02564129269
344	0.99475	0.02554702068
345	0.994875	0.02550102426
346	0.994875	0.02547746815
347	0.994875	0.02544836477
348	0.99475	0.02540093274
349	0.99475	0.02537560767
350	0.99475	0.0253655377
351	0.99475	0.02532973507
352	0.99475	0.02528205865
353	0.99475	0.02527300648
354	0.994875	0.02523773598
355	0.994875	0.02518115012
356	0.994875	0.02512485964
357	0.995	0.02505744044
358	0.995	0.02501600214
359	0.995	0.02493626505
360	0.995125	0.02484241858
361	0.995125	0.02479961483
362	0.99525	0.02474833539
363	0.99525	0.02469207146
364	0.99525	0.02466524192
365	0.99525	0.02458175785
366	0.99525	0.02454146902
367	0.99525	0.02453215636
368	0.99525	0.02449420062
369	0.99525	0.02447867065
370	0.995375	0.02441424198
371	0.9955	0.02431823778
372	0.9955	0.02429326137
373	0.9955	0.02425360239
374	0.9955	0.02422013149
375	0.9955	0.0241710663
376	0.9955	0.02411245174
377	0.9955	0.0241035163
378	0.9955	0.02406410684
379	0.9955	0.02406302981
380	0.9955	0.02395710337
381	0.9955	0.02391163148
382	0.9955	0.02383158483
383	0.9955	0.02378772231
384	0.9955	0.02378670923
385	0.995625	0.02373555467
386	0.995625	0.02368844559
387	0.995625	0.02365174795
388	0.995625	0.02357965537
389	0.995625	0.02355584885
390	0.995625	0.02345669079
391	0.995625	0.0233804477
392	0.995625	0.02328588784
393	0.995625	0.02324722232
394	0.995625	0.0231877691
395	0.995625	0.02310801715
396	0.995625	0.02307131135
397	0.995625	0.02305242051
398	0.995625	0.02301162976
399	0.995625	0.02296879357
400	0.995625	0.02293487404
401	0.995625	0.02293389452
402	0.995625	0.02285025754
403	0.995625	0.02284926625
404	0.99575	0.02282808008
405	0.99575	0.02277363913
406	0.99575	0.02270955832
407	0.995875	0.02266626915
408	0.995875	0.02262821419
409	0.995875	0.02256979083
410	0.99575	0.02243848698
411	0.99575	0.02239895171
412	0.99575	0.02235504021
413	0.995875	0.02227062441
414	0.996	0.02223417972
415	0.996	0.022187844
416	0.996	0.02216895259
417	0.996	0.02213358045
418	0.995875	0.0220912514
419	0.995875	0.02204809697
420	0.995875	0.02199815685
421	0.995875	0.02195558986
422	0.995875	0.02192924522
423	0.995875	0.02189106319
424	0.996	0.02180453147
425	0.996	0.02177290038
426	0.996	0.02173259411
427	0.996	0.02167986489
428	0.996	0.02164990208
429	0.996	0.02163406708
430	0.996	0.02157258501
431	0.996	0.02155623277
432	0.996	0.0215197952
433	0.996	0.02149353407
434	0.996	0.02146989824
435	0.996	0.0214299613
436	0.996	0.02142906378
437	0.996	0.02140052653
438	0.996	0.02135713133
439	0.996	0.02127913833
440	0.996	0.02121741907
441	0.996	0.02118998165
442	0.996	0.02117488994
443	0.996	0.02114816102
444	0.996	0.0210713737
445	0.996	0.02103153816
446	0.996	0.02100795098
447	0.996	0.0209745246
448	0.996	0.02097371455
449	0.996	0.02094402318
450	0.996	0.02092596799
451	0.996	0.02087853665
452	0.996	0.02084651458
453	0.996	0.02081871396
454	0.996	0.0208017869
455	0.996	0.0207695293
456	0.996	0.02069827158
457	0.996	0.0206622128
458	0.996	0.02061974422
459	0.996	0.02057249531
460	0.996	0.02057173608
461	0.996	0.02054952578
462	0.996	0.02052228825
463	0.996	0.02049817268
464	0.996125	0.02047934669
465	0.996125	0.02042122516
466	0.996125	0.02035970984
467	0.996125	0.02032986644
468	0.996125	0.02030261746
469	0.996125	0.02028281496
470	0.996125	0.02025797743
471	0.996125	0.02023558725
472	0.996125	0.02019872668
473	0.996125	0.02017056843
474	0.996125	0.02003093731
475	0.996125	0.01999971913
476	0.996125	0.01995283207
477	0.996125	0.01987330848
478	0.996125	0.01983179169
479	0.996125	0.01980805515
480	0.996125	0.01978211959
481	0.996125	0.01976129508
482	0.996125	0.01974342984
483	0.996125	0.0197251362
484	0.996125	0.01966344483
485	0.996125	0.01964385254
486	0.996125	0.019595174
487	0.996125	0.01956995215
488	0.996125	0.01955044373
489	0.996125	0.01950546226
490	0.996125	0.01945997338
491	0.996125	0.01942886011
492	0.99625	0.01939884048
493	0.99625	0.01937341136
494	0.99625	0.01933355501
495	0.99625	0.01929005898
496	0.99625	0.01924906012
497	0.99625	0.01919720215
498	0.99625	0.01917235658
499	0.99625	0.01914823306
